{"btb_size": {"Total size": {"early": [[0.049296875, 0.0481640625, 9.765625e-05, 0.0, 0.0, 0.0, 0.0, 0.0, 0.0, 0.0, 0.0, 0.0, 0.0, 0.0, 0.0, 0.0, 0.0], [0.3593359375, 0.076728515625, 0.02474609375, 0.0, 0.0, 0.0, 0.0, 0.0, 0.0, 0.0, 0.0, 0.0, 0.0, 0.0, 0.0, 0.0, 0.0], [0.27876953125, 0.029326171875, 0.0, 0.0, 0.0, 0.0, 0.0, 0.0, 0.0, 0.0, 0.0, 0.0, 0.0, 0.0, 0.0, 0.0, 0.0], [0.04822265625, 0.0, 0.0, 0.0, 8.984375e-05, 0.0, 0.0, 0.0, 0.0, 0.00019140625, 0.0, 0.0, 0.0, 0.0, 0.0, 0.0, 0.0], [0.0, 0.0, 0.0, 1.953125e-05, 0.0, 0.0, 0.0, 0.0, 0.0, 0.0, 0.0, 0.0, 0.0, 0.0, 0.0, 0.0, 0.0], [0.0, 0.0, 0.0, 0.0, 0.0, 0.0, 0.0, 0.0, 0.0, 0.0, 0.0, 0.0, 0.0, 0.0, 0.0, 0.0, 0.0]], "resteer": [[0.0, 0.0, 0.0, 0.0, 0.0, 0.0, 0.016741071428571428, 0.000244140625, 0.11421875, 0.19876953125, 0.2676012073863636, 0.343662109375, 0.39078125, 0.43150948660714283, 0.46710286458333333, 0.496298828125, 0.5832306985294118], [0.0, 0.0, 0.0, 0.0, 0.0, 0.00048828125, 0.007533482142857143, 0.0003662109375, 0.2215190972222222, 0.40026171875, 0.5194957386363637, 0.6436002604166666, 0.6394110576923077, 0.6362709263392857, 0.6746223958333334, 0.68646728515625, 0.7816762408088235], [0.0, 0.0, 0.0, 0.0, 0.0, 0.0, 0.0, 0.0, 0.21592881944444445, 0.4069921875, 0.5690482954545455, 0.6711669921875, 0.7048287259615384, 0.7179213169642857, 0.7363984375, 0.751739501953125, 0.8790567555147059], [0.0, 0.0, 0.0, 0.0, 0.015625, 0.015625, 0.015625, 0.0201025390625, 0.032660590277777776, 0.441453125, 0.6281729403409091, 0.6753385416666666, 0.6991947115384616, 0.7228152901785714, 0.74104296875, 0.7548876953125, 0.9974195772058824], [0.0, 0.0, 0.03125, 0.0362158203125, 0.40239453125, 0.6803385416666666, 0.7243080357142857, 0.75818603515625, 0.9944444444444445, 0.997462890625, 0.998203125, 0.9985367838541667, 1.0000826322115384, 0.9999874441964286, 1.0002513020833332, 1.000111083984375, 1.0002297794117647], [0.0, 0.07234375, 0.7002864583333334, 0.7668408203125, 0.99526953125, 1.0005403645833333, 1.0002008928571429, 1.00046875, 1.000388454861111, 1.000388671875, 1.00017578125, 1.0001627604166667, 1.0002944711538462, 1.0002692522321428, 1.00025390625, 1.0001220703125, 1.0002251838235294]], "core": [[2.13623046875, 2.134404296875, 2.1312890625, 2.1294384765625, 2.0780234375, 2.04408203125, 2.2562611607142857, 2.06723876953125, 3.2869552951388887, 4.1824609375, 4.884169034090909, 5.664991861979167, 6.164262319711538, 6.601551339285714, 6.9583671875, 7.23571044921875, 8.077323069852941], [2.26416015625, 2.25740234375, 2.0883463541666667, 2.12875, 2.103, 2.130764973958333, 2.1761607142857144, 2.13668701171875, 4.404665798611111, 6.161806640625, 7.396028053977273, 8.638230794270834, 8.590198317307692, 8.540736607142858, 8.9513203125, 9.06468017578125, 9.959311810661765], [2.26421875, 2.13234375, 2.1298893229166667, 2.128671875, 2.1279375, 2.1274381510416664, 2.131512276785714, 2.1267822265625, 4.263630642361111, 6.172474609375, 7.704501065340909, 8.708707682291667, 9.049378004807693, 9.168766741071428, 9.355723958333334, 9.511334228515626, 10.795684742647058], [2.51154296875, 2.50583984375, 2.5038932291666667, 2.5030078125, 2.6529375, 2.65671875, 2.661146763392857, 2.69439208984375, 2.830796440972222, 6.4686640625, 8.279256036931818, 8.731744791666667, 8.968121995192307, 9.205092075892857, 9.388014322916666, 9.530673828125, 11.99079963235294], [2.51375, 2.5071484375, 2.88396484375, 2.92439453125, 6.255046875, 8.873238932291667, 9.309135044642858, 9.62103271484375, 11.983841145833333, 12.01265234375, 12.015443892045454, 12.021783854166667, 12.057481971153846, 12.036139787946428, 12.039100260416667, 12.0434423828125, 12.041453354779412], [2.51287109375, 4.080302734375, 9.247545572916666, 9.8028564453125, 12.02033984375, 12.076175130208334, 12.072352120535715, 12.24220458984375, 14.980985243055555, 14.987556640625, 15.026168323863637, 14.994169921875, 15.03249248798077, 15.062869698660714, 15.061127604166666, 15.0045361328125, 15.154324448529412]], "late": [[0.95212890625, 0.9522265625, 1.0003515625, 1.0012451171875, 1.00105078125, 1.000751953125, 1.05904296875, 1.0015283203125, 1.3083984375, 1.538220703125, 1.7511683238636364, 1.97234375, 2.1097010216346153, 2.222025669642857, 2.324970052083333, 2.4113916015625, 2.0493393841911764], [0.64169921875, 0.9258203125, 0.9769596354166666, 1.0012744140625, 1.00090625, 1.0016634114583334, 1.0118582589285714, 1.0033837890625, 1.3953602430555556, 1.75449609375, 2.107697088068182, 2.357835286458333, 2.3725330528846156, 2.3257589285714286, 2.3510390625, 2.369832763671875, 1.779713924632353], [0.7255078125, 0.97283203125, 1.0016145833333334, 1.0012158203125, 1.00096484375, 1.0007063802083334, 1.0007477678571428, 1.0006005859375, 1.285564236111111, 1.63801171875, 1.7273757102272727, 1.7530517578125, 1.8862545072115384, 1.6402818080357142, 1.57648828125, 1.654239501953125, 0.8431744025735294], [0.4603515625, 0.5062109375, 0.5054427083333334, 0.5051171875, 0.57034765625, 0.566298828125, 0.5644698660714286, 0.604453125, 0.6442339409722222, 1.5998828125, 1.4809517045454546, 1.4374039713541666, 1.3719080528846155, 1.32298828125, 1.2301927083333333, 1.176414794921875, 0.020219439338235293], [0.51232421875, 0.51009765625, 0.6576627604166667, 0.705517578125, 1.43248046875, 1.1256315104166668, 0.9798800223214286, 0.85501953125, 0.03819878472222222, 0.024232421875, 0.01666193181818182, 0.0202099609375, 0.011003605769230769, 0.013680245535714286, 0.006430989583333334, 0.006708984375, 0.005784696691176471], [0.518125, 0.843291015625, 0.8599934895833333, 0.6901171875, 0.024125, 0.009303385416666667, 0.006827566964285714, 0.008955078125, 0.007415364583333334, 0.006033203125, 0.010944602272727273, 0.0065299479166666665, 0.009646935096153846, 0.011731305803571429, 0.011015625, 0.00464111328125, 0.009399126838235294]]}}}