{"btb_size": {"Total size": {"early": [[0.044921875, 0.041435546875, 0.04646484375, 0.0, 0.0, 0.0, 0.0, 0.0, 0.0, 0.0, 5.326704545454545e-05, 0.00035970052083333335, 0.010372596153846154, 0.00599609375, 0.0038229166666666667, 0.0, 0.0], [0.1831640625, 0.098291015625, 0.0, 0.0, 0.0, 0.0, 0.0, 0.0, 0.0, 1.953125e-06, 0.017956321022727272, 0.0, 0.0, 0.0, 0.0, 0.0, 0.0], [0.278515625, 0.042880859375, 0.0, 0.0, 0.0, 0.0, 0.0, 0.0, 0.0, 0.0, 0.0, 0.0, 0.0, 0.0, 0.0, 0.0, 0.0], [0.06072265625, 1.953125e-05, 6.510416666666667e-06, 1.46484375e-05, 0.0, 0.0, 0.0, 0.0, 0.00021484375, 1.953125e-06, 1.7755681818181818e-06, 0.0, 0.0, 0.0, 0.0, 0.0, 0.0], [0.10076171875, 3.90625e-05, 0.0, 0.0, 0.0, 0.0, 0.0, 0.0, 0.0, 0.0, 0.0, 0.0, 0.0, 0.0, 0.0, 0.0, 0.0], [5.859375e-05, 0.0, 0.0, 0.0, 0.0, 0.0, 0.0, 0.0, 0.0, 0.0, 0.0, 0.0, 0.0, 0.0, 0.0, 0.0, 0.0]], "resteer": [[0.001953125, 0.001953125, 0.0006510416666666666, 0.00341796875, 0.000390625, 0.0003255208333333333, 0.00027901785714285713, 0.039697265625, 0.23093098958333333, 0.452267578125, 0.5742737926136363, 0.6722900390625, 0.7718960336538462, 0.8627706473214286, 0.9348346354166667, 1.000115966796875, 1.0001125919117646], [0.0, 0.0, 0.0, 0.0, 0.000390625, 0.0013020833333333333, 0.0011160714285714285, 0.001953125, 0.37190538194444445, 0.605314453125, 0.8342045454545455, 0.9996695963541666, 0.9996950120192307, 0.999580078125, 0.9999010416666667, 1.000111083984375, 1.0002205882352941], [0.0, 0.0, 0.0, 0.0, 0.0, 0.0, 0.0008370535714285714, 0.00244140625, 0.556640625, 1.000341796875, 1.0001633522727273, 1.0001546223958333, 1.000145733173077, 1.0002692522321428, 1.0002565104166667, 1.000364990234375, 1.000228630514706], [0.0, 0.0, 0.0, 0.0, 0.015625, 0.015625, 0.015625, 0.0210791015625, 0.9865516493055555, 0.99526171875, 0.995165127840909, 0.9968717447916666, 0.996864483173077, 0.99716796875, 0.9971588541666667, 1.0001220703125, 1.0002297794117647], [0.0, 0.0, 0.03125, 0.0376806640625, 0.98534765625, 0.9931022135416666, 0.9940792410714285, 1.000244140625, 1.0002170138888888, 1.000390625, 1.0001775568181819, 1.0003255208333333, 1.0003004807692308, 1.0002790178571428, 1.0001302083333334, 1.000244140625, 1.0001148897058822], [0.0, 0.075244140625, 0.9919856770833333, 1.00048828125, 1.00078125, 1.0006477864583334, 1.0005552455357143, 1.00048583984375, 1.0002170138888888, 1.000388671875, 1.0003533380681817, 1.0001627604166667, 1.0001502403846154, 1.0002790178571428, 1.0002591145833333, 1.000244140625, 1.0001148897058822]], "core": [[2.15521484375, 2.156298828125, 2.095859375, 2.1044384765625, 2.06948828125, 2.0684114583333333, 2.067486049107143, 2.5233203125, 4.3634765625, 6.63726171875, 7.821099076704545, 8.7525634765625, 9.74208984375, 10.65849330357143, 11.364522135416667, 12.013612060546874, 12.008551240808824], [2.26275390625, 2.131474609375, 2.1293098958333334, 2.1282470703125, 2.1309921875, 2.1399186197916666, 2.1381612723214287, 2.14763671875, 5.777630208333333, 8.110064453125, 10.371807528409091, 12.006240234375, 12.008786057692308, 12.009898158482143, 12.015282552083333, 12.01368896484375, 12.013527113970587], [2.13728515625, 2.131533203125, 2.1293619791666667, 2.1282568359375, 2.1275, 2.127161458333333, 2.137310267857143, 2.1759765625, 7.651901041666667, 12.02629296875, 12.019426491477272, 12.019095052083333, 12.016323617788462, 12.014596819196429, 12.0169609375, 12.0178759765625, 12.015199908088235], [2.0145703125, 2.0073046875, 2.0047005208333335, 2.004345703125, 2.22921484375, 2.2289583333333334, 2.228309151785714, 2.30909912109375, 11.889878472222222, 11.97340625, 11.975234375, 11.987350260416667, 11.985462740384616, 11.990870535714286, 11.988861979166666, 12.019542236328125, 12.018214613970589], [2.0140625, 2.0084765625, 2.537447916666667, 2.6597998046875, 11.972375, 12.019612630208334, 12.016350446428572, 12.1022705078125, 12.07751953125, 12.082560546875, 12.07108487215909, 12.083684895833333, 12.099044471153846, 12.081774553571428, 12.075348958333333, 12.3287890625, 12.200600873161765], [2.013359375, 4.128291015625, 12.11306640625, 12.16486328125, 12.13734765625, 13.547197265625, 12.245892857142858, 13.637216796875, 16.547565104166665, 16.576931640625, 16.50712002840909, 16.6193701171875, 16.510853365384616, 16.549041573660713, 16.565009114583333, 16.56135498046875, 16.95555491727941]], "late": [[0.96443359375, 0.969306640625, 0.9582356770833333, 1.014208984375, 1.002578125, 1.0021744791666667, 1.001841517857143, 1.114384765625, 0.8320920138888889, 0.832333984375, 0.5920046164772728, 0.3829752604166667, 0.25999849759615384, 0.19062639508928572, 0.10059244791666666, 0.000185546875, 8.157169117647059e-05], [0.8218359375, 0.90431640625, 1.00173828125, 1.00130859375, 1.002046875, 1.004423828125, 1.0040150669642858, 1.00640869140625, 0.8379709201388889, 0.4514140625, 0.2629154829545455, 0.01205078125, 0.0111328125, 0.010316685267857144, 0.0066536458333333335, 0.000174560546875, 0.0001872702205882353], [0.72650390625, 0.959755859375, 1.0017643229166666, 1.0011474609375, 1.001015625, 1.000869140625, 1.0015290178571428, 1.01291748046875, 0.5017361111111112, 0.0006875, 0.00015802556818181817, 8.626302083333333e-05, 0.0002178485576923077, 0.00021763392857142858, 0.0020377604166666665, 0.00177978515625, 0.0018014705882352941], [0.94400390625, 1.002353515625, 1.0015234375, 1.0010693359375, 1.0630546875, 1.0632421875, 1.0628738839285714, 1.0818359375, 0.06513020833333333, 0.016416015625, 0.01448153409090909, 0.008595377604166666, 0.005076622596153846, 0.0046930803571428575, 0.00445703125, 0.00258056640625, 0.0024184283088235295], [0.9033984375, 1.00212890625, 1.17349609375, 1.1872705078125, 0.1445703125, 0.11004231770833334, 0.08490513392857142, 0.072255859375, 0.07531032986111111, 0.0849765625, 0.06802024147727273, 0.08123860677083333, 0.06556490384615385, 0.07874720982142858, 0.060119791666666665, 0.073427734375, 0.0584133731617647], [1.0021484375, 1.13345703125, 0.08666015625, 0.0646044921875, 0.051171875, 0.068427734375, 0.06648158482142857, 0.03756103515625, 0.06932942708333334, 0.05865625, 0.044319957386363636, 0.05250813802083333, 0.04202674278846154, 0.046149553571428574, 0.0514609375, 0.05015625, 0.08242761948529412]]}}}